{"stats":{"minecraft:picked_up":{"minecraft:spruce_stairs":3,"minecraft:spruce_planks":2,"minecraft:sand":1,"minecraft:gunpowder":2,"minecraft:glowstone_dust":2,"minecraft:spider_eye":1},"minecraft:dropped":{"minecraft:golden_chestplate":1},"minecraft:custom":{"minecraft:time_since_rest":17728,"minecraft:open_chest":8,"minecraft:crouch_one_cm":2005,"minecraft:play_time":17728,"minecraft:sprint_one_cm":83232,"minecraft:damage_taken":262,"minecraft:walk_one_cm":45061,"minecraft:sneak_time":1079,"minecraft:walk_under_water_one_cm":2501,"minecraft:mob_kills":2,"minecraft:drop":1,"minecraft:jump":255,"minecraft:damage_dealt":776,"minecraft:time_since_death":17728,"minecraft:walk_on_water_one_cm":7735,"minecraft:total_world_time":17728,"minecraft:climb_one_cm":1465,"minecraft:swim_one_cm":22313,"minecraft:fall_one_cm":8846,"minecraft:fly_one_cm":50003},"minecraft:used":{"duneons:full_plate_spooky_chestplate":1,"duneons:glaivespooky":8,"minecraft:sand":1,"minecraft:flint_and_steel":1,"minecraft:bread":5,"minecraft:golden_chestplate":1,"duneons:full_plate_spooky_helmet":1},"minecraft:mined":{"minecraft:spruce_stairs":3,"minecraft:spruce_planks":2,"minecraft:sand":1,"minecraft:fire":1},"minecraft:killed":{"minecraft:witch":2}},"DataVersion":3465}