{"stats":{"minecraft:crafted":{"minecraft:oak_planks":16,"minecraft:crafting_table":1,"minecraft:stick":4,"minecraft:wooden_pickaxe":1},"minecraft:mined":{"minecraft:oak_log":5,"duneons:highlandfernsnow":1,"duneons:highlandtallgrass":1,"minecraft:crafting_table":1,"minecraft:oak_leaves":1},"minecraft:picked_up":{"minecraft:crafting_table":1,"duneons:highlandfernsnow":1,"minecraft:oak_log":5},"minecraft:custom":{"minecraft:time_since_rest":5762,"minecraft:open_chest":1,"minecraft:crouch_one_cm":86,"minecraft:play_time":5762,"minecraft:sprint_one_cm":33219,"minecraft:walk_one_cm":7307,"minecraft:walk_under_water_one_cm":77,"minecraft:sneak_time":26,"minecraft:jump":112,"minecraft:damage_dealt":96,"minecraft:time_since_death":5762,"minecraft:walk_on_water_one_cm":863,"minecraft:total_world_time":5762,"minecraft:swim_one_cm":493,"minecraft:interact_with_crafting_table":1,"minecraft:fall_one_cm":3431,"minecraft:fly_one_cm":24423},"minecraft:used":{"duneons:highlandfernsnow":1,"minecraft:crafting_table":1,"minecraft:wooden_pickaxe":4}},"DataVersion":3465}