{"stats":{"minecraft:dropped":{"minecraft:dirt":9,"minecraft:torch":2},"minecraft:broken":{"minecraft:stone_pickaxe":3,"minecraft:stone_axe":2,"minecraft:wooden_axe":1,"minecraft:stone_shovel":4},"minecraft:used":{"minecraft:wheat_seeds":7,"minecraft:moss_block":13,"minecraft:oak_fence":6,"minecraft:water_bucket":6,"minecraft:stone_shovel":547,"minecraft:stone_pickaxe":446,"minecraft:cactus":4,"minecraft:chest":1,"minecraft:wooden_pickaxe":7,"minecraft:stone_hoe":22,"minecraft:torch":11,"minecraft:sand":8,"minecraft:dirt":64,"minecraft:oak_slab":247,"minecraft:crafting_table":1,"minecraft:carrot":5,"minecraft:pumpkin_seeds":1,"minecraft:oak_log":3,"minecraft:mud":2,"minecraft:wooden_axe":59,"minecraft:spruce_sapling":8,"minecraft:stone_axe":351,"minecraft:cobblestone":13,"minecraft:pufferfish_bucket":2,"minecraft:oak_sapling":22,"minecraft:furnace":1,"minecraft:bucket":8,"minecraft:oak_boat":2,"minecraft:potato":6},"minecraft:custom":{"minecraft:interact_with_furnace":35,"minecraft:traded_with_villager":10,"minecraft:interact_with_crafting_table":57,"minecraft:time_since_death":101253,"minecraft:time_since_rest":101253,"minecraft:sprint_one_cm":39918,"minecraft:damage_taken":30,"minecraft:walk_one_cm":119987,"minecraft:drop":4,"minecraft:talked_to_villager":48,"minecraft:fly_one_cm":8883,"minecraft:open_chest":167,"minecraft:crouch_one_cm":86994,"minecraft:play_time":101253,"minecraft:sneak_time":64136,"minecraft:walk_under_water_one_cm":2820,"minecraft:boat_one_cm":1367,"minecraft:jump":123,"minecraft:walk_on_water_one_cm":741,"minecraft:total_world_time":101253,"minecraft:fall_one_cm":896},"minecraft:mined":{"minecraft:oak_slab":8,"minecraft:oak_sapling":3,"minecraft:farmland":2,"minecraft:clay":1,"minecraft:torch":1,"minecraft:granite":1,"minecraft:grass_block":356,"minecraft:cobblestone":13,"minecraft:spruce_leaves":71,"minecraft:moss_block":193,"minecraft:cactus":2,"minecraft:mud":87,"minecraft:iron_ore":27,"minecraft:spruce_log":77,"minecraft:coal_ore":22,"minecraft:oak_log":258,"minecraft:sand":4,"minecraft:dirt":8,"minecraft:dripstone_block":28,"minecraft:stripped_oak_log":1,"minecraft:stone":210,"minecraft:oak_leaves":119},"minecraft:picked_up":{"minecraft:stripped_oak_log":1,"minecraft:mud":96,"minecraft:clay_ball":4,"minecraft:oak_log":264,"minecraft:dirt":387,"minecraft:apple":1,"minecraft:oak_boat":1,"minecraft:moss_block":203,"minecraft:oak_slab":9,"minecraft:stick":22,"minecraft:raw_iron":30,"minecraft:torch":1,"minecraft:dripstone_block":30,"minecraft:sand":4,"minecraft:spruce_sapling":11,"minecraft:spruce_log":75,"minecraft:cactus":1,"minecraft:granite":1,"minecraft:oak_sapling":27,"minecraft:coal":23,"minecraft:cobblestone":241},"minecraft:crafted":{"minecraft:oak_slab":276,"minecraft:oak_planks":236,"minecraft:raw_iron":18,"minecraft:stone_shovel":5,"minecraft:crafting_table":1,"minecraft:cactus":8,"minecraft:gravel":4,"minecraft:wooden_pickaxe":1,"minecraft:sand":4,"minecraft:furnace":1,"minecraft:wheat_seeds":7,"minecraft:stone":3,"minecraft:pufferfish_bucket":2,"minecraft:pumpkin_seeds":1,"minecraft:stone_axe":3,"minecraft:potato":6,"minecraft:air":0,"minecraft:oak_boat":1,"minecraft:cobblestone":14,"minecraft:charcoal":3,"minecraft:oak_sapling":2,"minecraft:stick":24,"minecraft:iron_ingot":29,"minecraft:stone_pickaxe":4,"minecraft:wooden_axe":1,"minecraft:chest":1,"minecraft:torch":12,"minecraft:stone_hoe":1,"minecraft:oak_fence":6,"minecraft:carrot":5}},"DataVersion":3953}