{"stats":{"minecraft:dropped":{"minecraft:dirt":9,"minecraft:torch":2},"minecraft:broken":{"minecraft:stone_pickaxe":4,"minecraft:stone_axe":4,"minecraft:wooden_axe":1,"minecraft:stone_shovel":4},"minecraft:used":{"minecraft:oak_fence":6,"minecraft:moss_block":42,"minecraft:wheat_seeds":7,"minecraft:water_bucket":6,"minecraft:stone_shovel":619,"minecraft:stone_pickaxe":609,"minecraft:cactus":4,"minecraft:chest":1,"minecraft:wooden_pickaxe":7,"minecraft:stone_hoe":22,"minecraft:torch":11,"minecraft:sand":8,"minecraft:dirt":68,"minecraft:oak_slab":347,"minecraft:crafting_table":1,"minecraft:white_bed":1,"minecraft:carrot":5,"minecraft:pumpkin_seeds":1,"minecraft:jungle_sapling":4,"minecraft:oak_log":3,"minecraft:mud":2,"minecraft:wooden_axe":59,"minecraft:spruce_sapling":12,"minecraft:stone_axe":554,"minecraft:cobblestone":13,"minecraft:pufferfish_bucket":2,"minecraft:oak_sapling":35,"minecraft:furnace":1,"minecraft:bucket":8,"minecraft:oak_boat":2,"minecraft:potato":6},"minecraft:custom":{"minecraft:interact_with_furnace":40,"minecraft:traded_with_villager":13,"minecraft:interact_with_crafting_table":65,"minecraft:leave_game":1,"minecraft:time_since_death":136948,"minecraft:sleep_in_bed":2,"minecraft:time_since_rest":5701,"minecraft:sprint_one_cm":42850,"minecraft:damage_taken":30,"minecraft:walk_one_cm":269893,"minecraft:drop":4,"minecraft:talked_to_villager":58,"minecraft:fly_one_cm":9677,"minecraft:open_chest":212,"minecraft:crouch_one_cm":100710,"minecraft:play_time":136948,"minecraft:sneak_time":70070,"minecraft:walk_under_water_one_cm":2820,"minecraft:boat_one_cm":1367,"minecraft:jump":248,"minecraft:walk_on_water_one_cm":929,"minecraft:total_world_time":136948,"minecraft:fall_one_cm":2150},"minecraft:mined":{"minecraft:oak_slab":11,"minecraft:oak_sapling":3,"minecraft:farmland":2,"minecraft:clay":10,"minecraft:torch":1,"minecraft:granite":11,"minecraft:grass_block":395,"minecraft:cobblestone":13,"minecraft:spruce_leaves":85,"minecraft:moss_block":249,"minecraft:diorite":13,"minecraft:cactus":8,"minecraft:mud":101,"minecraft:iron_ore":44,"minecraft:spruce_log":130,"minecraft:andesite":8,"minecraft:pumpkin":1,"minecraft:oak_log":353,"minecraft:coal_ore":38,"minecraft:dripstone_block":45,"minecraft:sand":4,"minecraft:dirt":8,"minecraft:stripped_oak_log":1,"minecraft:stone":251,"minecraft:oak_leaves":171},"minecraft:picked_up":{"minecraft:stripped_oak_log":1,"minecraft:mud":110,"minecraft:andesite":8,"minecraft:clay_ball":40,"minecraft:oak_log":358,"minecraft:dirt":426,"minecraft:apple":4,"minecraft:oak_boat":2,"minecraft:moss_block":259,"minecraft:oak_slab":12,"minecraft:stick":39,"minecraft:raw_iron":47,"minecraft:pumpkin":1,"minecraft:torch":1,"minecraft:dripstone_block":47,"minecraft:sand":4,"minecraft:spruce_sapling":18,"minecraft:diorite":13,"minecraft:spruce_log":127,"minecraft:cactus":7,"minecraft:granite":11,"minecraft:oak_sapling":63,"minecraft:coal":39,"minecraft:cobblestone":282},"minecraft:crafted":{"minecraft:oak_slab":402,"minecraft:oak_planks":312,"minecraft:raw_iron":18,"minecraft:stone_shovel":5,"minecraft:cactus":8,"minecraft:crafting_table":1,"minecraft:gravel":4,"minecraft:wooden_pickaxe":1,"minecraft:sand":4,"minecraft:furnace":1,"minecraft:wheat_seeds":7,"minecraft:stone":3,"minecraft:pufferfish_bucket":2,"minecraft:pumpkin_seeds":1,"minecraft:stone_axe":5,"minecraft:potato":6,"minecraft:air":0,"minecraft:oak_boat":1,"minecraft:string":12,"minecraft:white_wool":3,"minecraft:charcoal":3,"minecraft:cobblestone":14,"minecraft:oak_sapling":2,"minecraft:stick":24,"minecraft:iron_ingot":67,"minecraft:stone_pickaxe":5,"minecraft:wooden_axe":1,"minecraft:chest":1,"minecraft:white_bed":1,"minecraft:jungle_sapling":6,"minecraft:torch":12,"minecraft:stone_hoe":1,"minecraft:carrot":5,"minecraft:oak_fence":6}},"DataVersion":3953}