{"stats":{"minecraft:dropped":{"minecraft:dirt":9,"minecraft:torch":2},"minecraft:broken":{"minecraft:stone_pickaxe":4,"minecraft:stone_axe":4,"minecraft:wooden_axe":1,"minecraft:stone_shovel":4},"minecraft:used":{"minecraft:wheat_seeds":7,"minecraft:moss_block":42,"minecraft:oak_fence":6,"minecraft:water_bucket":6,"minecraft:stone_shovel":581,"minecraft:stone_pickaxe":526,"minecraft:cactus":4,"minecraft:chest":1,"minecraft:wooden_pickaxe":7,"minecraft:stone_hoe":22,"minecraft:torch":11,"minecraft:sand":8,"minecraft:dirt":64,"minecraft:oak_slab":347,"minecraft:crafting_table":1,"minecraft:carrot":5,"minecraft:white_bed":1,"minecraft:pumpkin_seeds":1,"minecraft:oak_log":3,"minecraft:mud":2,"minecraft:wooden_axe":59,"minecraft:spruce_sapling":12,"minecraft:stone_axe":530,"minecraft:cobblestone":13,"minecraft:pufferfish_bucket":2,"minecraft:oak_sapling":33,"minecraft:furnace":1,"minecraft:bucket":8,"minecraft:oak_boat":2,"minecraft:potato":6},"minecraft:custom":{"minecraft:interact_with_furnace":40,"minecraft:traded_with_villager":11,"minecraft:interact_with_crafting_table":65,"minecraft:time_since_death":125253,"minecraft:sleep_in_bed":1,"minecraft:time_since_rest":9159,"minecraft:sprint_one_cm":42850,"minecraft:damage_taken":30,"minecraft:walk_one_cm":227414,"minecraft:drop":4,"minecraft:talked_to_villager":54,"minecraft:fly_one_cm":9597,"minecraft:open_chest":201,"minecraft:crouch_one_cm":100094,"minecraft:play_time":125253,"minecraft:sneak_time":69422,"minecraft:walk_under_water_one_cm":2820,"minecraft:boat_one_cm":1367,"minecraft:jump":231,"minecraft:walk_on_water_one_cm":741,"minecraft:total_world_time":125253,"minecraft:fall_one_cm":1941},"minecraft:mined":{"minecraft:oak_slab":11,"minecraft:oak_sapling":3,"minecraft:farmland":2,"minecraft:clay":6,"minecraft:torch":1,"minecraft:granite":3,"minecraft:grass_block":375,"minecraft:cobblestone":13,"minecraft:spruce_leaves":81,"minecraft:moss_block":237,"minecraft:diorite":6,"minecraft:cactus":5,"minecraft:mud":93,"minecraft:iron_ore":33,"minecraft:spruce_log":130,"minecraft:andesite":3,"minecraft:coal_ore":29,"minecraft:oak_log":332,"minecraft:sand":4,"minecraft:dirt":8,"minecraft:dripstone_block":39,"minecraft:stripped_oak_log":1,"minecraft:stone":229,"minecraft:oak_leaves":166},"minecraft:picked_up":{"minecraft:stripped_oak_log":1,"minecraft:mud":102,"minecraft:andesite":3,"minecraft:clay_ball":24,"minecraft:oak_log":337,"minecraft:dirt":406,"minecraft:apple":3,"minecraft:oak_boat":2,"minecraft:moss_block":247,"minecraft:oak_slab":12,"minecraft:stick":38,"minecraft:raw_iron":36,"minecraft:torch":1,"minecraft:dripstone_block":41,"minecraft:sand":4,"minecraft:spruce_sapling":18,"minecraft:diorite":6,"minecraft:spruce_log":127,"minecraft:cactus":4,"minecraft:granite":3,"minecraft:oak_sapling":55,"minecraft:coal":30,"minecraft:cobblestone":260},"minecraft:crafted":{"minecraft:oak_slab":402,"minecraft:oak_planks":312,"minecraft:raw_iron":18,"minecraft:stone_shovel":5,"minecraft:crafting_table":1,"minecraft:cactus":8,"minecraft:gravel":4,"minecraft:wooden_pickaxe":1,"minecraft:sand":4,"minecraft:furnace":1,"minecraft:wheat_seeds":7,"minecraft:stone":3,"minecraft:pufferfish_bucket":2,"minecraft:pumpkin_seeds":1,"minecraft:stone_axe":5,"minecraft:potato":6,"minecraft:air":0,"minecraft:oak_boat":1,"minecraft:string":12,"minecraft:white_wool":3,"minecraft:cobblestone":14,"minecraft:charcoal":3,"minecraft:oak_sapling":2,"minecraft:stick":24,"minecraft:iron_ingot":67,"minecraft:stone_pickaxe":5,"minecraft:wooden_axe":1,"minecraft:chest":1,"minecraft:white_bed":1,"minecraft:torch":12,"minecraft:stone_hoe":1,"minecraft:oak_fence":6,"minecraft:carrot":5}},"DataVersion":3953}