{"stats":{"minecraft:dropped":{"minecraft:porkchop":2,"minecraft:wheat_seeds":2,"minecraft:crossbow":2,"minecraft:feather":5,"minecraft:cobblestone":1,"minecraft:rotten_flesh":4,"croptopia:strawberry_seed":2,"duneons:flooroutpost":1,"duneons:monstera":1,"croptopia:avocado":1,"minecraft:wooden_pickaxe":1,"duneons:andesitebreked":2,"duneons:leaveswindswept":2,"minecraft:egg":2,"minecraft:redstone":1},"minecraft:crafted":{"minecraft:oak_planks":20,"minecraft:crafting_table":1,"minecraft:wooden_pickaxe":1,"minecraft:stone_axe":1,"minecraft:stick":8,"minecraft:stone_pickaxe":1},"minecraft:killed":{"minecraft:pig":1,"duneons:mobspawner":1,"minecraft:spider":1,"duneons:wraith":3,"duneons:mountaineer":6,"minecraft:sheep":4,"minecraft:pillager":9,"minecraft:zombie":5,"minecraft:chicken":3,"minecraft:cow":2},"minecraft:mined":{"croptopia:strawberry_crop":1,"minecraft:crafting_table":2,"duneons:sanctumstonepatternedgildedtop":1,"duneons:highlandtallgrass":2,"duneons:highlandgrass":3,"minecraft:cobblestone":2,"duneons:flooroutpost":1,"minecraft:oak_planks":4,"minecraft:spawner":1,"duneons:highlandfernsnow":1,"duneons:leaveswindswept":1,"duneons:monstera":1,"croptopia:avocado_crop":1,"minecraft:grass":4,"minecraft:oak_log":5,"minecraft:vine":1,"duneons:mossendirt":1,"minecraft:stone":7,"minecraft:polished_andesite":4,"minecraft:oak_leaves":1,"duneons:andesitebreked":5},"minecraft:picked_up":{"minecraft:crafting_table":2,"minecraft:feather":5,"minecraft:chicken":3,"croptopia:peach":5,"minecraft:brown_wool":1,"croptopia:nectarine":2,"minecraft:leather":3,"minecraft:oak_log":5,"minecraft:dirt":3,"duneons:wagonblock":2,"duneons:mossendirt":1,"minecraft:wheat_seeds":2,"croptopia:avocado":1,"minecraft:beef":3,"duneons:flooroutpost":1,"minecraft:oak_planks":3,"minecraft:egg":2,"duneons:andesitebreked":5,"duneons:highlandfernsnow":1,"minecraft:porkchop":2,"duneons:sanctumstonepatternedgildedtop":1,"duneons:leaveswindswept":2,"minecraft:redstone":1,"croptopia:strawberry":1,"minecraft:polished_andesite":4,"minecraft:rotten_flesh":4,"croptopia:strawberry_seed":2,"duneons:monstera":1,"croptopia:orange":8,"minecraft:crossbow":2,"minecraft:emerald":1,"minecraft:white_wool":3,"minecraft:mutton":7,"minecraft:cobblestone":9},"minecraft:custom":{"minecraft:mob_kills":35,"minecraft:interact_with_crafting_table":2,"minecraft:time_since_death":25244,"minecraft:climb_one_cm":41,"minecraft:time_since_rest":25277,"minecraft:sprint_one_cm":214294,"minecraft:damage_taken":634,"minecraft:walk_one_cm":73911,"minecraft:drop":22,"minecraft:damage_dealt":5765,"minecraft:swim_one_cm":1815,"minecraft:fly_one_cm":158527,"minecraft:open_chest":10,"minecraft:crouch_one_cm":3275,"minecraft:play_time":35762,"minecraft:deaths":1,"minecraft:sneak_time":1177,"minecraft:walk_under_water_one_cm":165,"minecraft:jump":743,"minecraft:walk_on_water_one_cm":1194,"minecraft:total_world_time":35762,"minecraft:fall_one_cm":26194},"minecraft:used":{"duneons:mossendirt":1,"duneons:sanctumstonepatternedgilded":1,"minecraft:stone_pickaxe":4,"minecraft:polished_andesite":4,"minecraft:oak_planks":12,"duneons:greenswoed":58,"minecraft:wooden_pickaxe":30,"minecraft:dirt":3,"duneons:goldblockchiseledslab":1,"minecraft:crafting_table":2,"duneons:sanctumstonepatternedgildedtop":1,"minecraft:carrot":13,"minecraft:crossbow":2,"croptopia:orange":8,"duneons:wagonblock":1,"duneons:goatgear_chestplate":2,"croptopia:nectarine":2,"duneons:highlandfernsnow":1,"duneons:rampartbrazier":1,"duneons:goatgear_helmet":1,"minecraft:stone_axe":17,"minecraft:cobblestone":2,"croptopia:peach":5,"duneons:andesitebreked":3,"croptopia:strawberry":1,"duneons:highlandberries":5,"duneons:leaveswindswept":1}},"DataVersion":3465}