{"stats":{"minecraft:broken":{"minecraft:stone_pickaxe":3,"minecraft:stone_axe":1,"minecraft:wooden_axe":1,"minecraft:stone_shovel":4},"minecraft:used":{"minecraft:moss_block":13,"minecraft:oak_fence":6,"minecraft:water_bucket":6,"minecraft:stone_shovel":529,"minecraft:stone_pickaxe":432,"minecraft:cactus":4,"minecraft:chest":1,"minecraft:wooden_pickaxe":7,"minecraft:torch":8,"minecraft:sand":8,"minecraft:dirt":46,"minecraft:oak_slab":219,"minecraft:crafting_table":1,"minecraft:oak_log":3,"minecraft:mud":2,"minecraft:wooden_axe":59,"minecraft:stone_axe":242,"minecraft:cobblestone":13,"minecraft:pufferfish_bucket":2,"minecraft:oak_sapling":20,"minecraft:furnace":1,"minecraft:bucket":8,"minecraft:oak_boat":2},"minecraft:custom":{"minecraft:interact_with_furnace":34,"minecraft:traded_with_villager":9,"minecraft:interact_with_crafting_table":51,"minecraft:time_since_death":89253,"minecraft:time_since_rest":89253,"minecraft:sprint_one_cm":21174,"minecraft:damage_taken":30,"minecraft:walk_one_cm":88966,"minecraft:talked_to_villager":45,"minecraft:fly_one_cm":4045,"minecraft:open_chest":143,"minecraft:crouch_one_cm":77381,"minecraft:play_time":89253,"minecraft:sneak_time":60267,"minecraft:walk_under_water_one_cm":2820,"minecraft:boat_one_cm":1367,"minecraft:jump":69,"minecraft:walk_on_water_one_cm":741,"minecraft:total_world_time":89253,"minecraft:fall_one_cm":896},"minecraft:mined":{"minecraft:oak_slab":7,"minecraft:oak_sapling":3,"minecraft:grass_block":348,"minecraft:cobblestone":13,"minecraft:spruce_leaves":63,"minecraft:moss_block":187,"minecraft:mud":84,"minecraft:iron_ore":24,"minecraft:coal_ore":22,"minecraft:oak_log":233,"minecraft:sand":4,"minecraft:dirt":8,"minecraft:dripstone_block":27,"minecraft:stripped_oak_log":1,"minecraft:stone":204,"minecraft:oak_leaves":115},"minecraft:picked_up":{"minecraft:stripped_oak_log":1,"minecraft:mud":93,"minecraft:oak_log":239,"minecraft:dirt":364,"minecraft:apple":1,"minecraft:oak_boat":1,"minecraft:moss_block":199,"minecraft:oak_slab":9,"minecraft:stick":18,"minecraft:raw_iron":27,"minecraft:dripstone_block":29,"minecraft:sand":4,"minecraft:spruce_sapling":3,"minecraft:oak_sapling":25,"minecraft:coal":23,"minecraft:cobblestone":235},"minecraft:crafted":{"minecraft:oak_slab":276,"minecraft:oak_planks":236,"minecraft:raw_iron":18,"minecraft:stone_shovel":5,"minecraft:crafting_table":1,"minecraft:cactus":8,"minecraft:gravel":4,"minecraft:wooden_pickaxe":1,"minecraft:sand":4,"minecraft:furnace":1,"minecraft:stone":3,"minecraft:pufferfish_bucket":2,"minecraft:pumpkin_seeds":1,"minecraft:stone_axe":2,"minecraft:potato":6,"minecraft:air":0,"minecraft:oak_boat":1,"minecraft:cobblestone":14,"minecraft:charcoal":3,"minecraft:oak_sapling":2,"minecraft:stick":24,"minecraft:iron_ingot":29,"minecraft:stone_pickaxe":4,"minecraft:wooden_axe":1,"minecraft:chest":1,"minecraft:torch":8,"minecraft:oak_fence":6,"minecraft:carrot":5}},"DataVersion":3953}