{"stats":{"minecraft:dropped":{"minecraft:dirt":9,"minecraft:torch":2},"minecraft:broken":{"minecraft:stone_pickaxe":3,"minecraft:stone_axe":3,"minecraft:wooden_axe":1,"minecraft:stone_shovel":4},"minecraft:used":{"minecraft:wheat_seeds":7,"minecraft:moss_block":22,"minecraft:oak_fence":6,"minecraft:water_bucket":6,"minecraft:stone_shovel":556,"minecraft:stone_pickaxe":476,"minecraft:cactus":4,"minecraft:chest":1,"minecraft:wooden_pickaxe":7,"minecraft:stone_hoe":22,"minecraft:torch":11,"minecraft:sand":8,"minecraft:dirt":64,"minecraft:oak_slab":347,"minecraft:crafting_table":1,"minecraft:carrot":5,"minecraft:pumpkin_seeds":1,"minecraft:oak_log":3,"minecraft:mud":2,"minecraft:wooden_axe":59,"minecraft:spruce_sapling":8,"minecraft:stone_axe":411,"minecraft:cobblestone":13,"minecraft:pufferfish_bucket":2,"minecraft:oak_sapling":28,"minecraft:furnace":1,"minecraft:bucket":8,"minecraft:oak_boat":2,"minecraft:potato":6},"minecraft:custom":{"minecraft:interact_with_furnace":36,"minecraft:traded_with_villager":10,"minecraft:interact_with_crafting_table":61,"minecraft:time_since_death":113253,"minecraft:time_since_rest":113253,"minecraft:sprint_one_cm":42850,"minecraft:damage_taken":30,"minecraft:walk_one_cm":180472,"minecraft:drop":4,"minecraft:talked_to_villager":49,"minecraft:fly_one_cm":9544,"minecraft:open_chest":187,"minecraft:crouch_one_cm":97546,"minecraft:play_time":113253,"minecraft:sneak_time":67698,"minecraft:walk_under_water_one_cm":2820,"minecraft:boat_one_cm":1367,"minecraft:jump":182,"minecraft:walk_on_water_one_cm":741,"minecraft:total_world_time":113253,"minecraft:fall_one_cm":1523},"minecraft:mined":{"minecraft:oak_slab":11,"minecraft:oak_sapling":3,"minecraft:farmland":2,"minecraft:clay":3,"minecraft:torch":1,"minecraft:granite":1,"minecraft:grass_block":361,"minecraft:cobblestone":13,"minecraft:spruce_leaves":75,"minecraft:moss_block":209,"minecraft:diorite":4,"minecraft:cactus":4,"minecraft:mud":87,"minecraft:iron_ore":29,"minecraft:spruce_log":77,"minecraft:andesite":1,"minecraft:coal_ore":24,"minecraft:oak_log":300,"minecraft:sand":4,"minecraft:dirt":8,"minecraft:dripstone_block":32,"minecraft:stripped_oak_log":1,"minecraft:stone":218,"minecraft:oak_leaves":144},"minecraft:picked_up":{"minecraft:stripped_oak_log":1,"minecraft:mud":96,"minecraft:andesite":1,"minecraft:clay_ball":12,"minecraft:oak_log":305,"minecraft:dirt":392,"minecraft:apple":3,"minecraft:oak_boat":2,"minecraft:moss_block":219,"minecraft:oak_slab":12,"minecraft:stick":29,"minecraft:raw_iron":32,"minecraft:torch":1,"minecraft:dripstone_block":34,"minecraft:sand":4,"minecraft:spruce_sapling":15,"minecraft:diorite":4,"minecraft:spruce_log":75,"minecraft:cactus":3,"minecraft:granite":1,"minecraft:oak_sapling":38,"minecraft:coal":25,"minecraft:cobblestone":248},"minecraft:crafted":{"minecraft:oak_slab":402,"minecraft:oak_planks":312,"minecraft:raw_iron":18,"minecraft:stone_shovel":5,"minecraft:crafting_table":1,"minecraft:cactus":8,"minecraft:gravel":4,"minecraft:wooden_pickaxe":1,"minecraft:sand":4,"minecraft:furnace":1,"minecraft:wheat_seeds":7,"minecraft:stone":3,"minecraft:pufferfish_bucket":2,"minecraft:pumpkin_seeds":1,"minecraft:stone_axe":4,"minecraft:potato":6,"minecraft:air":0,"minecraft:oak_boat":1,"minecraft:cobblestone":14,"minecraft:charcoal":3,"minecraft:oak_sapling":2,"minecraft:stick":24,"minecraft:iron_ingot":29,"minecraft:stone_pickaxe":4,"minecraft:wooden_axe":1,"minecraft:chest":1,"minecraft:torch":12,"minecraft:stone_hoe":1,"minecraft:oak_fence":6,"minecraft:carrot":5}},"DataVersion":3953}