{"stats":{"minecraft:broken":{"minecraft:stone_pickaxe":2,"minecraft:wooden_axe":1,"minecraft:stone_shovel":3,"minecraft:stone_axe":1},"minecraft:used":{"minecraft:oak_log":2,"minecraft:oak_fence":6,"minecraft:wooden_axe":59,"minecraft:stone_pickaxe":289,"minecraft:stone_shovel":508,"minecraft:wooden_pickaxe":7,"minecraft:chest":1,"minecraft:torch":8,"minecraft:stone_axe":196,"minecraft:dirt":36,"minecraft:cobblestone":13,"minecraft:oak_slab":94,"minecraft:crafting_table":1,"minecraft:furnace":1,"minecraft:oak_sapling":16,"minecraft:oak_boat":2,"minecraft:moss_block":13,"minecraft:mud":2},"minecraft:mined":{"minecraft:oak_sapling":3,"minecraft:mud":73,"minecraft:iron_ore":16,"minecraft:grass_block":310,"minecraft:oak_log":203,"minecraft:coal_ore":14,"minecraft:dripstone_block":16,"minecraft:dirt":7,"minecraft:stripped_oak_log":1,"minecraft:cobblestone":7,"minecraft:spruce_leaves":49,"minecraft:stone":169,"minecraft:moss_block":172,"minecraft:oak_leaves":93},"minecraft:custom":{"minecraft:time_since_rest":65253,"minecraft:interact_with_furnace":17,"minecraft:sprint_one_cm":7253,"minecraft:walk_one_cm":45755,"minecraft:traded_with_villager":3,"minecraft:interact_with_crafting_table":39,"minecraft:talked_to_villager":29,"minecraft:fly_one_cm":1845,"minecraft:open_chest":96,"minecraft:crouch_one_cm":60989,"minecraft:play_time":65253,"minecraft:sneak_time":50705,"minecraft:boat_one_cm":1367,"minecraft:jump":42,"minecraft:time_since_death":65253,"minecraft:total_world_time":65253,"minecraft:fall_one_cm":687},"minecraft:picked_up":{"minecraft:stripped_oak_log":1,"minecraft:mud":73,"minecraft:stick":11,"minecraft:raw_iron":16,"minecraft:dripstone_block":16,"minecraft:spruce_sapling":2,"minecraft:oak_log":202,"minecraft:dirt":306,"minecraft:apple":1,"minecraft:oak_boat":1,"minecraft:oak_sapling":18,"minecraft:moss_block":172,"minecraft:coal":14,"minecraft:cobblestone":176},"minecraft:crafted":{"minecraft:oak_boat":1,"minecraft:oak_slab":96,"minecraft:oak_planks":108,"minecraft:stone_shovel":4,"minecraft:charcoal":3,"minecraft:cobblestone":14,"minecraft:crafting_table":1,"minecraft:oak_sapling":2,"minecraft:stick":24,"minecraft:wooden_pickaxe":1,"minecraft:gravel":4,"minecraft:stone_pickaxe":3,"minecraft:wooden_axe":1,"minecraft:chest":1,"minecraft:furnace":1,"minecraft:carrot":5,"minecraft:torch":8,"minecraft:pumpkin_seeds":1,"minecraft:oak_fence":6,"minecraft:stone_axe":2,"minecraft:potato":6,"minecraft:air":0}},"DataVersion":3953}