{"stats":{"minecraft:broken":{"minecraft:stone_pickaxe":3,"minecraft:wooden_axe":1,"minecraft:stone_shovel":4,"minecraft:stone_axe":1},"minecraft:used":{"minecraft:oak_log":3,"minecraft:oak_fence":6,"minecraft:wooden_axe":59,"minecraft:stone_pickaxe":430,"minecraft:stone_shovel":524,"minecraft:wooden_pickaxe":7,"minecraft:chest":1,"minecraft:torch":8,"minecraft:stone_axe":209,"minecraft:dirt":36,"minecraft:cobblestone":13,"minecraft:oak_slab":94,"minecraft:crafting_table":1,"minecraft:furnace":1,"minecraft:oak_sapling":16,"minecraft:oak_boat":2,"minecraft:moss_block":13,"minecraft:mud":2},"minecraft:mined":{"minecraft:oak_sapling":3,"minecraft:mud":84,"minecraft:iron_ore":24,"minecraft:grass_block":348,"minecraft:oak_log":214,"minecraft:coal_ore":22,"minecraft:dripstone_block":27,"minecraft:dirt":7,"minecraft:stripped_oak_log":1,"minecraft:cobblestone":11,"minecraft:spruce_leaves":63,"minecraft:stone":204,"minecraft:moss_block":187,"minecraft:oak_leaves":108},"minecraft:custom":{"minecraft:time_since_rest":77253,"minecraft:interact_with_furnace":26,"minecraft:sprint_one_cm":11140,"minecraft:damage_taken":30,"minecraft:walk_one_cm":56260,"minecraft:traded_with_villager":6,"minecraft:interact_with_crafting_table":45,"minecraft:talked_to_villager":36,"minecraft:fly_one_cm":2133,"minecraft:open_chest":122,"minecraft:crouch_one_cm":63908,"minecraft:play_time":77253,"minecraft:sneak_time":57103,"minecraft:boat_one_cm":1367,"minecraft:jump":52,"minecraft:time_since_death":77253,"minecraft:total_world_time":77253,"minecraft:fall_one_cm":687},"minecraft:picked_up":{"minecraft:stripped_oak_log":1,"minecraft:mud":92,"minecraft:stick":13,"minecraft:raw_iron":26,"minecraft:dripstone_block":29,"minecraft:spruce_sapling":3,"minecraft:oak_log":220,"minecraft:dirt":360,"minecraft:apple":1,"minecraft:oak_boat":1,"minecraft:oak_sapling":20,"minecraft:moss_block":198,"minecraft:coal":22,"minecraft:cobblestone":229},"minecraft:crafted":{"minecraft:oak_boat":1,"minecraft:oak_slab":96,"minecraft:oak_planks":172,"minecraft:raw_iron":18,"minecraft:stone_shovel":5,"minecraft:charcoal":3,"minecraft:cobblestone":14,"minecraft:crafting_table":1,"minecraft:oak_sapling":2,"minecraft:stick":24,"minecraft:iron_ingot":17,"minecraft:wooden_pickaxe":1,"minecraft:gravel":4,"minecraft:stone_pickaxe":4,"minecraft:wooden_axe":1,"minecraft:chest":1,"minecraft:furnace":1,"minecraft:carrot":5,"minecraft:torch":8,"minecraft:pumpkin_seeds":1,"minecraft:oak_fence":6,"minecraft:stone_axe":2,"minecraft:potato":6,"minecraft:air":0}},"DataVersion":3953}