{"stats":{"minecraft:dropped":{"minecraft:porkchop":2,"minecraft:wheat_seeds":2,"minecraft:crossbow":2,"minecraft:feather":5,"minecraft:cobblestone":1,"minecraft:rotten_flesh":4,"croptopia:strawberry_seed":2,"duneons:flooroutpost":1,"duneons:monstera":1,"croptopia:avocado":1,"minecraft:mutton":1,"minecraft:brown_wool":1,"minecraft:wooden_pickaxe":1,"duneons:andesitebreked":2,"duneons:leaveswindswept":2,"minecraft:egg":2,"minecraft:redstone":1},"minecraft:crafted":{"minecraft:oak_planks":20,"minecraft:crafting_table":1,"minecraft:wooden_pickaxe":1,"minecraft:stone_axe":1,"minecraft:stick":8,"minecraft:stone_pickaxe":1},"minecraft:killed":{"minecraft:pig":1,"duneons:mobspawner":1,"minecraft:spider":1,"duneons:wraith":3,"duneons:mountaineer":6,"minecraft:sheep":4,"minecraft:pillager":9,"minecraft:zombie":5,"minecraft:chicken":3,"minecraft:cow":2},"minecraft:mined":{"minecraft:red_bed":1,"croptopia:strawberry_crop":1,"minecraft:crafting_table":2,"duneons:sanctumstonepatternedgildedtop":1,"duneons:highlandtallgrass":2,"duneons:highlandgrass":3,"minecraft:cobblestone":2,"duneons:flooroutpost":1,"minecraft:oak_planks":4,"minecraft:spawner":1,"duneons:highlandfernsnow":1,"duneons:leaveswindswept":1,"duneons:monstera":1,"minecraft:ice":7,"croptopia:avocado_crop":1,"minecraft:grass":4,"minecraft:oak_log":5,"minecraft:vine":1,"duneons:mossendirt":1,"minecraft:stone":7,"minecraft:polished_andesite":4,"minecraft:white_wool":1,"minecraft:oak_leaves":1,"duneons:andesitebreked":5},"minecraft:picked_up":{"minecraft:crafting_table":2,"minecraft:feather":5,"minecraft:chicken":3,"croptopia:peach":5,"croptopia:nectarine":2,"minecraft:brown_wool":2,"minecraft:leather":3,"minecraft:oak_log":5,"minecraft:blue_bed":1,"minecraft:dirt":3,"minecraft:red_bed":1,"duneons:wagonblock":2,"duneons:mossendirt":1,"minecraft:wheat_seeds":2,"croptopia:avocado":1,"minecraft:beef":3,"duneons:flooroutpost":1,"minecraft:oak_planks":3,"minecraft:egg":2,"duneons:andesitebreked":5,"duneons:highlandfernsnow":1,"minecraft:porkchop":2,"duneons:sanctumstonepatternedgildedtop":1,"minecraft:redstone":1,"duneons:leaveswindswept":2,"croptopia:strawberry":1,"minecraft:polished_andesite":4,"minecraft:rotten_flesh":4,"croptopia:strawberry_seed":2,"duneons:monstera":1,"croptopia:orange":8,"minecraft:crossbow":2,"minecraft:emerald":1,"minecraft:mutton":7,"minecraft:white_wool":4,"minecraft:cobblestone":9},"minecraft:custom":{"minecraft:interact_with_furnace":1,"minecraft:mob_kills":35,"minecraft:interact_with_crafting_table":2,"minecraft:leave_game":1,"minecraft:time_since_death":1532,"minecraft:climb_one_cm":41,"minecraft:time_since_rest":1725,"minecraft:sprint_one_cm":239291,"minecraft:damage_taken":970,"minecraft:walk_one_cm":87342,"minecraft:drop":24,"minecraft:damage_dealt":5771,"minecraft:swim_one_cm":2383,"minecraft:fly_one_cm":193833,"minecraft:open_chest":10,"minecraft:crouch_one_cm":3365,"minecraft:play_time":41047,"minecraft:deaths":2,"minecraft:sneak_time":1263,"minecraft:walk_under_water_one_cm":1013,"minecraft:jump":869,"minecraft:walk_on_water_one_cm":2021,"minecraft:total_world_time":41047,"minecraft:fall_one_cm":30286},"minecraft:used":{"duneons:mossendirt":1,"duneons:sanctumstonepatternedgilded":1,"minecraft:stone_pickaxe":13,"minecraft:polished_andesite":4,"minecraft:oak_planks":12,"duneons:greenswoed":59,"minecraft:wooden_pickaxe":30,"minecraft:white_wool":4,"duneons:goldblockchiseledslab":1,"minecraft:dirt":3,"minecraft:crafting_table":2,"duneons:sanctumstonepatternedgildedtop":1,"minecraft:carrot":13,"minecraft:crossbow":2,"croptopia:orange":8,"duneons:wagonblock":1,"duneons:goatgear_chestplate":2,"duneons:highlandfernsnow":1,"croptopia:nectarine":2,"minecraft:brown_wool":1,"duneons:rampartbrazier":1,"duneons:goatgear_helmet":1,"minecraft:stone_axe":17,"croptopia:peach":5,"minecraft:cobblestone":2,"duneons:andesitebreked":3,"croptopia:strawberry":1,"duneons:highlandberries":7,"duneons:leaveswindswept":1}},"DataVersion":3465}