{"stats":{"minecraft:dropped":{"minecraft:porkchop":2,"minecraft:wheat_seeds":3,"minecraft:crossbow":2,"minecraft:feather":5,"minecraft:cobblestone":1,"minecraft:leather":3,"duneons:monstera":1,"minecraft:mutton":1,"duneons:ravagergateiron":1,"minecraft:brown_wool":1,"duneons:andesitebreked":2,"duneons:leaveswindswept":2,"minecraft:spruce_sapling":1,"minecraft:redstone":1,"minecraft:rotten_flesh":4,"duneons:icecracked":1,"croptopia:strawberry_seed":2,"duneons:flooroutpost":1,"croptopia:avocado":1,"minecraft:wooden_pickaxe":1,"minecraft:egg":2},"minecraft:killed":{"minecraft:cave_spider":1,"duneons:mobspawner":1,"minecraft:spider":1,"duneons:wraith":3,"minecraft:skeleton":1,"flying_stuff:sky_automaton_boss":3,"minecraft:chicken":3,"minecraft:silverfish":9,"duneons:frozenzombie":4,"minecraft:pig":1,"minecraft:iron_golem":1,"minecraft:creeper":1,"duneons:mountaineer":6,"minecraft:sheep":4,"minecraft:pillager":9,"minecraft:zombie":8,"minecraft:stray":4,"minecraft:villager":1,"minecraft:cow":2},"minecraft:used":{"duneons:sanctumstonepatternedgilded":1,"duneons:greenswoed":96,"duneons:icetorch":2,"minecraft:dirt":3,"minecraft:carrot":13,"duneons:wagonblock":1,"duneons:goatgear_chestplate":2,"duneons:highlandfernsnow":1,"duneons:icecracked":1,"duneons:rampartbrazier":1,"duneons:goatgear_helmet":1,"croptopia:peach":5,"minecraft:golden_carrot":8,"mace_backport:mace":4,"croptopia:strawberry":1,"duneons:leaveswindswept":1,"duneons:mossendirt":1,"minecraft:stone_pickaxe":126,"minecraft:polished_andesite":4,"minecraft:oak_planks":12,"minecraft:wooden_pickaxe":30,"minecraft:fletching_table":1,"minecraft:blue_bed":1,"minecraft:white_wool":4,"duneons:goldblockchiseledslab":1,"minecraft:crafting_table":2,"duneons:sanctumstonepatternedgildedtop":1,"minecraft:crossbow":2,"minecraft:black_bed":1,"croptopia:orange":8,"croptopia:nectarine":2,"minecraft:firework_rocket":40,"minecraft:apple":2,"minecraft:brown_wool":1,"minecraft:stone_axe":18,"minecraft:cobblestone":29,"duneons:andesitebreked":3,"duneons:featherblue":6,"duneons:highlandberries":21},"minecraft:custom":{"minecraft:mob_kills":64,"minecraft:interact_with_crafting_table":2,"minecraft:leave_game":9,"minecraft:time_since_death":6841,"minecraft:climb_one_cm":41,"minecraft:sprint_one_cm":374582,"minecraft:walk_one_cm":172136,"minecraft:drop":29,"minecraft:talked_to_villager":19,"minecraft:play_time":94990,"minecraft:deaths":5,"minecraft:sneak_time":3307,"minecraft:walk_under_water_one_cm":8022,"minecraft:jump":1545,"minecraft:walk_on_water_one_cm":12320,"minecraft:total_world_time":94990,"minecraft:interact_with_furnace":1,"minecraft:traded_with_villager":8,"minecraft:sleep_in_bed":1,"minecraft:time_since_rest":6874,"minecraft:damage_taken":8129,"minecraft:damage_dealt":7617,"minecraft:swim_one_cm":4686,"minecraft:fly_one_cm":360482,"minecraft:open_chest":21,"minecraft:crouch_one_cm":9117,"minecraft:aviate_one_cm":999292,"minecraft:fall_one_cm":116749},"minecraft:mined":{"croptopia:strawberry_crop":1,"minecraft:grass_block":3,"duneons:sanctumstonepatternedgildedtop":1,"duneons:highlandtallgrass":2,"duneons:highlandgrass":3,"minecraft:spruce_leaves":11,"duneons:flooroutpost":1,"duneons:icetorch":2,"minecraft:spawner":6,"minecraft:furnace":1,"duneons:monstera":1,"minecraft:fletching_table":1,"minecraft:vine":1,"duneons:mossendirt":1,"minecraft:packed_ice":2,"minecraft:stone":50,"minecraft:white_wool":1,"duneons:andesitebreked":5,"duneons:iceshoom":1,"minecraft:red_bed":1,"minecraft:crafting_table":2,"minecraft:cobblestone":2,"minecraft:oak_planks":4,"minecraft:blue_bed":1,"trial_chambers_decorations:chamber_brick":2,"duneons:highlandfernsnow":1,"duneons:leaveswindswept":1,"minecraft:sweet_berry_bush":3,"minecraft:ice":49,"minecraft:waxed_copper_block":3,"croptopia:avocado_crop":1,"minecraft:grass":4,"minecraft:oak_log":5,"minecraft:pitcher_crop":1,"duneons:icecracked":2,"minecraft:dirt":2,"minecraft:polished_andesite":4,"trial_chambers_decorations:polished_chamber":5,"minecraft:oak_leaves":1,"minecraft:fern":1},"minecraft:picked_up":{"minecraft:crafting_table":2,"minecraft:chicken":3,"croptopia:peach":5,"duneons:shield_johan":1,"duneons:enderhammer":1,"minecraft:red_bed":1,"flying_stuff:automaton_sword":1,"duneons:minerarmor_chestplate":1,"croptopia:avocado":1,"minecraft:beef":3,"minecraft:egg":2,"duneons:corruptedbeacona":3,"minecraft:furnace":1,"minecraft:tipped_arrow":2,"flying_stuff:celestium":6,"minecraft:copper_ingot":10,"duneons:soullanternitem":1,"duneons:highlandfernsnow":1,"minecraft:porkchop":2,"duneons:sanctumstonepatternedgildedtop":1,"minecraft:redstone":1,"croptopia:strawberry":1,"duneons:frostwalker_helmet":1,"minecraft:arrow":6,"minecraft:rotten_flesh":4,"croptopia:strawberry_seed":2,"duneons:monstera":1,"duneons:oaktotem":1,"minecraft:mutton":7,"duneons:icetorch":2,"minecraft:white_wool":4,"minecraft:cobblestone":48,"minecraft:feather":5,"croptopia:nectarine":2,"minecraft:brown_wool":2,"minecraft:leather":3,"minecraft:oak_log":5,"minecraft:gunpowder":2,"minecraft:blue_bed":2,"minecraft:dirt":3,"duneons:wagonblock":2,"minecraft:bone":5,"duneons:mossendirt":1,"minecraft:wheat_seeds":3,"minecraft:iron_ingot":36,"duneons:flooroutpost":1,"minecraft:fletching_table":1,"minecraft:oak_planks":3,"duneons:souihealer":1,"minecraft:pitcher_plant":1,"minecraft:sweet_berries":5,"duneons:andesitebreked":5,"duneons:powerfulbow":1,"minecraft:spruce_sapling":1,"duneons:leaveswindswept":2,"minecraft:polished_andesite":4,"flying_stuff:golden_level_2_key":3,"duneons:minerarmor_helmet":1,"duneons:icecracked":2,"duneons:featherblue":1,"croptopia:orange":8,"minecraft:crossbow":2,"minecraft:emerald":1},"minecraft:crafted":{"minecraft:oak_planks":20,"minecraft:stone_pickaxe":1,"minecraft:arrow":80,"minecraft:crafting_table":1,"minecraft:wooden_pickaxe":1,"minecraft:stone_axe":1,"flying_stuff:cloud_block":3,"minecraft:stick":8}},"DataVersion":3465}