{"stats":{"minecraft:picked_up":{"duneons:soggyswamobricks":3,"minecraft:cocoa_beans":3,"flying_stuff:mossy_skyrock":4,"minecraft:salmon":5,"minecraft:red_mushroom":2,"minecraft:enchanted_book":1,"minecraft:tuff":6,"minecraft:oak_log":2,"minecraft:gunpowder":2,"flying_stuff:tiled_skyrock_stairs":2,"flying_stuff:temporary_fire":1,"duneons:bards_garb_unique_1_helmet":1,"flying_stuff:chiseled_skyrock":1,"minecraft:wheat_seeds":2,"minecraft:spruce_planks":5,"duneons:whip":2,"minecraft:iron_ingot":3,"croptopia:nutmeg":6,"duneons:swampfern":2,"minecraft:spruce_slab":1,"minecraft:glowstone_dust":2,"croptopia:roe":8,"duneons:bards_garb_unique_1_chestplate":1,"flying_stuff:fiery_grass":3,"duneons:keydiamond":3,"flying_stuff:celestium":5,"minecraft:stick":4,"minecraft:spruce_stairs":5,"duneons:powerfulbow":1,"flying_stuff:firey_tree_sapling":1,"minecraft:sand":3,"duneons:diamondpickaxedungeon":1,"duneons:swampgrass":9,"minecraft:spider_eye":1,"flying_stuff:fiery_grass_block":6,"flying_stuff:polished_skyrock_slab":1,"flying_stuff:fiery_short_grass":4,"mace_port:mace":1,"duneons:oaktotem":2,"minecraft:cobblestone":6},"minecraft:dropped":{"minecraft:wheat_seeds":1,"minecraft:golden_chestplate":1,"minecraft:cocoa_beans":3,"duneons:keydiamond":2,"duneons:purplevangardpotion":1,"duneons:randomatoolbox":1,"duneons:whip":1,"flying_stuff:glider":1,"duneons:oaktotem":1,"mace_port:mace":1,"minecraft:red_mushroom":2,"mace_port:wind_charge":1,"flying_stuff:firey_tree_sapling":1,"flying_stuff:igneus_laser_blade":1,"duneons:randomartifactbox":1,"duneons:randombox":1,"croptopia:roe":8,"sophisticatedbackpacks:netherite_backpack":1,"duneons:swampgrass":3,"flying_stuff:temporary_fire":1,"duneons:randomarmorbox":1,"duneons:randonbowbox":1},"minecraft:custom":{"minecraft:mob_kills":12,"minecraft:interact_with_anvil":2,"minecraft:interact_with_crafting_table":1,"minecraft:leave_game":1,"minecraft:time_since_death":70020,"minecraft:climb_one_cm":4227,"minecraft:time_since_rest":70020,"minecraft:sprint_one_cm":203328,"minecraft:damage_taken":746,"minecraft:walk_one_cm":144978,"minecraft:drop":24,"minecraft:damage_dealt":2651,"minecraft:swim_one_cm":76419,"minecraft:fly_one_cm":238132,"minecraft:open_chest":13,"minecraft:crouch_one_cm":9899,"minecraft:play_time":70020,"minecraft:sneak_time":3989,"minecraft:walk_under_water_one_cm":17748,"minecraft:jump":719,"minecraft:walk_on_water_one_cm":22979,"minecraft:total_world_time":70020,"minecraft:fall_one_cm":21798},"minecraft:used":{"flying_stuff:chiseled_skyrock":1,"flying_stuff:mossy_skyrock":4,"duneons:whip":29,"minecraft:flint_and_steel":42,"minecraft:spruce_planks":3,"flying_stuff:polished_skyrock_slab":1,"minecraft:salmon":5,"minecraft:sand":1,"flying_stuff:tiled_skyrock_stairs":2,"minecraft:crafting_table":1,"minecraft:golden_chestplate":1,"duneons:diamondpickaxedungeon":41,"mace_port:wind_charge":2,"duneons:glaivespooky":26,"minecraft:bread":17,"croptopia:nutmeg":6,"flying_stuff:fiery_grass_block":3,"duneons:full_plate_spooky_chestplate":3,"minecraft:cobblestone":6,"minecraft:potato":6,"duneons:full_plate_spooky_helmet":1},"minecraft:crafted":{"minecraft:oak_planks":8,"minecraft:crafting_table":1,"minecraft:stick":4},"minecraft:mined":{"duneons:soggyswamobricks":3,"flying_stuff:polished_skyrock_slab":1,"minecraft:tuff":9,"minecraft:spruce_planks":5,"flying_stuff:celestiumore":1,"minecraft:jungle_leaves":1,"flying_stuff:fiery_short_grass":3,"duneons:redmushroom":2,"flying_stuff:chiseled_skyrock":1,"flying_stuff:smoke_flower_plant":3,"minecraft:lily_pad":1,"duneons:swampgrass":7,"minecraft:spruce_stairs":5,"flying_stuff:fiery_grass":3,"flying_stuff:fiery_leaves":2,"flying_stuff:fiery_grass_block":6,"minecraft:fire":1,"flying_stuff:temporary_fire":2,"minecraft:grass":4,"minecraft:oak_log":2,"minecraft:cocoa":1,"minecraft:vine":3,"minecraft:sand":4,"minecraft:stone":6,"flying_stuff:tiled_skyrock_stairs":4,"minecraft:oak_leaves":6,"minecraft:spruce_slab":1,"flying_stuff:mossy_skyrock":4},"minecraft:killed":{"minecraft:witch":2,"minecraft:salmon":5,"duneons:wraith":2,"flying_stuff:sky_automaton_boss":1,"duneons:sunkenskeleton":1}},"DataVersion":3465}