{"stats":{"minecraft:picked_up":{"duneons:keydiamond":3,"minecraft:spruce_stairs":4,"minecraft:enchanted_book":1,"minecraft:sand":2,"minecraft:oak_log":2,"minecraft:gunpowder":2,"duneons:swampgrass":9,"minecraft:spider_eye":1,"flying_stuff:temporary_fire":1,"minecraft:wheat_seeds":2,"minecraft:spruce_planks":5,"minecraft:iron_ingot":3,"mace_port:mace":1,"minecraft:spruce_slab":1,"duneons:swampfern":2,"minecraft:glowstone_dust":2},"minecraft:dropped":{"mace_port:wind_charge":1,"minecraft:wheat_seeds":1,"flying_stuff:igneus_laser_blade":1,"minecraft:golden_chestplate":1,"duneons:keydiamond":2,"duneons:purplevangardpotion":1,"sophisticatedbackpacks:netherite_backpack":1,"duneons:swampgrass":3,"flying_stuff:temporary_fire":1,"flying_stuff:glider":1,"mace_port:mace":1},"minecraft:custom":{"minecraft:time_since_rest":41728,"minecraft:sprint_one_cm":147020,"minecraft:walk_one_cm":82761,"minecraft:damage_taken":534,"minecraft:interact_with_anvil":2,"minecraft:mob_kills":6,"minecraft:drop":13,"minecraft:damage_dealt":1687,"minecraft:swim_one_cm":37842,"minecraft:interact_with_crafting_table":1,"minecraft:fly_one_cm":117931,"minecraft:open_chest":10,"minecraft:crouch_one_cm":3344,"minecraft:play_time":41728,"minecraft:sneak_time":1479,"minecraft:walk_under_water_one_cm":2793,"minecraft:jump":466,"minecraft:walk_on_water_one_cm":14078,"minecraft:time_since_death":41728,"minecraft:climb_one_cm":3308,"minecraft:total_world_time":41728,"minecraft:fall_one_cm":15397},"minecraft:used":{"mace_port:wind_charge":2,"duneons:glaivespooky":26,"minecraft:flint_and_steel":42,"minecraft:bread":13,"minecraft:spruce_planks":3,"duneons:full_plate_spooky_chestplate":3,"minecraft:sand":1,"minecraft:crafting_table":1,"minecraft:golden_chestplate":1,"duneons:full_plate_spooky_helmet":1},"minecraft:crafted":{"minecraft:oak_planks":8,"minecraft:crafting_table":1,"minecraft:stick":4},"minecraft:mined":{"minecraft:spruce_stairs":4,"minecraft:spruce_planks":5,"minecraft:fire":1,"flying_stuff:temporary_fire":2,"duneons:redmushroom":1,"minecraft:grass":4,"minecraft:oak_log":2,"minecraft:sand":2,"minecraft:lily_pad":1,"duneons:swampgrass":7,"minecraft:oak_leaves":6,"minecraft:spruce_slab":1},"minecraft:killed":{"duneons:sunkenskeleton":1,"minecraft:witch":2,"duneons:wraith":2}},"DataVersion":3465}