{"stats":{"minecraft:picked_up":{"minecraft:cocoa_beans":3,"flying_stuff:mossy_skyrock":4,"minecraft:enchanted_book":1,"minecraft:oak_log":2,"minecraft:gunpowder":2,"flying_stuff:tiled_skyrock_stairs":2,"flying_stuff:temporary_fire":1,"duneons:bards_garb_unique_1_helmet":1,"flying_stuff:chiseled_skyrock":1,"minecraft:wheat_seeds":2,"minecraft:spruce_planks":5,"duneons:whip":2,"minecraft:iron_ingot":3,"croptopia:nutmeg":6,"duneons:swampfern":2,"minecraft:spruce_slab":1,"minecraft:glowstone_dust":2,"duneons:bards_garb_unique_1_chestplate":1,"flying_stuff:fiery_grass":2,"duneons:keydiamond":3,"flying_stuff:celestium":5,"minecraft:stick":4,"minecraft:spruce_stairs":4,"flying_stuff:firey_tree_sapling":1,"duneons:powerfulbow":1,"minecraft:sand":3,"duneons:diamondpickaxedungeon":1,"duneons:swampgrass":9,"minecraft:spider_eye":1,"flying_stuff:fiery_grass_block":6,"flying_stuff:polished_skyrock_slab":1,"flying_stuff:fiery_short_grass":2,"mace_port:mace":1,"duneons:oaktotem":2},"minecraft:dropped":{"minecraft:wheat_seeds":1,"minecraft:golden_chestplate":1,"minecraft:cocoa_beans":3,"duneons:keydiamond":2,"duneons:randomatoolbox":1,"duneons:purplevangardpotion":1,"duneons:whip":1,"flying_stuff:glider":1,"duneons:oaktotem":1,"mace_port:mace":1,"mace_port:wind_charge":1,"flying_stuff:firey_tree_sapling":1,"flying_stuff:igneus_laser_blade":1,"duneons:randomartifactbox":1,"duneons:randombox":1,"sophisticatedbackpacks:netherite_backpack":1,"duneons:swampgrass":3,"flying_stuff:temporary_fire":1,"duneons:randomarmorbox":1,"duneons:randonbowbox":1},"minecraft:custom":{"minecraft:mob_kills":7,"minecraft:interact_with_anvil":2,"minecraft:interact_with_crafting_table":1,"minecraft:time_since_death":59728,"minecraft:climb_one_cm":4145,"minecraft:time_since_rest":59728,"minecraft:sprint_one_cm":178656,"minecraft:damage_taken":726,"minecraft:walk_one_cm":121431,"minecraft:drop":22,"minecraft:damage_dealt":2475,"minecraft:swim_one_cm":39519,"minecraft:fly_one_cm":208941,"minecraft:open_chest":10,"minecraft:crouch_one_cm":8994,"minecraft:play_time":59728,"minecraft:sneak_time":3723,"minecraft:walk_under_water_one_cm":5991,"minecraft:jump":586,"minecraft:walk_on_water_one_cm":14989,"minecraft:total_world_time":59728,"minecraft:fall_one_cm":20045},"minecraft:used":{"flying_stuff:chiseled_skyrock":1,"duneons:whip":21,"minecraft:flint_and_steel":42,"minecraft:spruce_planks":3,"flying_stuff:polished_skyrock_slab":1,"minecraft:sand":1,"flying_stuff:tiled_skyrock_stairs":2,"minecraft:crafting_table":1,"minecraft:golden_chestplate":1,"duneons:diamondpickaxedungeon":22,"mace_port:wind_charge":2,"duneons:glaivespooky":26,"minecraft:bread":13,"croptopia:nutmeg":6,"duneons:full_plate_spooky_chestplate":3,"duneons:full_plate_spooky_helmet":1},"minecraft:crafted":{"minecraft:oak_planks":8,"minecraft:crafting_table":1,"minecraft:stick":4},"minecraft:mined":{"flying_stuff:polished_skyrock_slab":1,"minecraft:spruce_planks":5,"flying_stuff:celestiumore":1,"flying_stuff:fiery_short_grass":1,"minecraft:jungle_leaves":1,"duneons:redmushroom":1,"flying_stuff:chiseled_skyrock":1,"flying_stuff:smoke_flower_plant":1,"minecraft:lily_pad":1,"duneons:swampgrass":7,"minecraft:spruce_stairs":4,"flying_stuff:fiery_grass":2,"flying_stuff:fiery_leaves":2,"flying_stuff:fiery_grass_block":6,"minecraft:fire":1,"flying_stuff:temporary_fire":2,"minecraft:grass":4,"minecraft:oak_log":2,"minecraft:cocoa":1,"minecraft:sand":4,"flying_stuff:tiled_skyrock_stairs":4,"minecraft:oak_leaves":6,"minecraft:spruce_slab":1,"flying_stuff:mossy_skyrock":4},"minecraft:killed":{"minecraft:witch":2,"duneons:wraith":2,"flying_stuff:sky_automaton_boss":1,"duneons:sunkenskeleton":1}},"DataVersion":3465}