{"stats":{"minecraft:picked_up":{"duneons:keydiamond":1,"minecraft:spruce_stairs":4,"minecraft:spruce_planks":4,"minecraft:sand":2,"duneons:swampfern":2,"duneons:swampgrass":5,"minecraft:gunpowder":2,"minecraft:glowstone_dust":2,"minecraft:spider_eye":1},"minecraft:dropped":{"duneons:swampgrass":3,"minecraft:golden_chestplate":1},"minecraft:custom":{"minecraft:time_since_rest":29728,"minecraft:open_chest":10,"minecraft:crouch_one_cm":2799,"minecraft:play_time":29728,"minecraft:sprint_one_cm":125818,"minecraft:damage_taken":417,"minecraft:walk_one_cm":64689,"minecraft:sneak_time":1355,"minecraft:walk_under_water_one_cm":2501,"minecraft:mob_kills":4,"minecraft:drop":3,"minecraft:jump":400,"minecraft:damage_dealt":1214,"minecraft:time_since_death":29728,"minecraft:walk_on_water_one_cm":7735,"minecraft:total_world_time":29728,"minecraft:climb_one_cm":2602,"minecraft:swim_one_cm":22313,"minecraft:fall_one_cm":13948,"minecraft:fly_one_cm":93871},"minecraft:used":{"duneons:full_plate_spooky_chestplate":2,"duneons:glaivespooky":18,"minecraft:sand":1,"minecraft:flint_and_steel":20,"minecraft:bread":9,"minecraft:spruce_planks":3,"minecraft:golden_chestplate":1,"duneons:full_plate_spooky_helmet":1},"minecraft:mined":{"minecraft:spruce_stairs":4,"minecraft:spruce_planks":4,"minecraft:sand":2,"minecraft:fire":1,"minecraft:oak_leaves":6,"duneons:swampgrass":5,"duneons:redmushroom":1},"minecraft:killed":{"duneons:wraith":1,"minecraft:witch":2}},"DataVersion":3465}