{"stats":{"minecraft:dropped":{"duneons:monstera":1,"minecraft:wheat_seeds":1,"croptopia:avocado":1,"croptopia:strawberry_seed":2},"minecraft:crafted":{"minecraft:oak_planks":16,"minecraft:crafting_table":1,"minecraft:stick":8,"minecraft:wooden_pickaxe":1,"minecraft:stone_pickaxe":1,"minecraft:stone_axe":1},"minecraft:killed":{"minecraft:zombie":1,"minecraft:pig":1,"minecraft:chicken":1,"minecraft:cow":2},"minecraft:mined":{"duneons:highlandfernsnow":1,"duneons:monstera":1,"croptopia:strawberry_crop":1,"croptopia:avocado_crop":1,"minecraft:crafting_table":2,"minecraft:grass":3,"minecraft:oak_log":5,"minecraft:vine":1,"duneons:highlandtallgrass":1,"duneons:mossendirt":1,"minecraft:cobblestone":2,"minecraft:polished_andesite":4,"minecraft:stone":7,"minecraft:oak_planks":4,"duneons:andesitebreked":3,"minecraft:oak_leaves":1},"minecraft:picked_up":{"minecraft:crafting_table":2,"minecraft:feather":2,"minecraft:chicken":1,"croptopia:peach":5,"croptopia:nectarine":2,"minecraft:leather":3,"duneons:andesitebreked":3,"duneons:highlandfernsnow":1,"minecraft:porkchop":2,"minecraft:oak_log":5,"minecraft:redstone":1,"croptopia:strawberry":1,"minecraft:polished_andesite":4,"duneons:mossendirt":1,"croptopia:strawberry_seed":2,"minecraft:wheat_seeds":2,"duneons:monstera":1,"croptopia:orange":5,"croptopia:avocado":1,"minecraft:beef":3,"minecraft:oak_planks":3,"minecraft:cobblestone":9,"minecraft:egg":2},"minecraft:custom":{"minecraft:time_since_rest":7277,"minecraft:sprint_one_cm":96686,"minecraft:damage_taken":210,"minecraft:walk_one_cm":36291,"minecraft:mob_kills":5,"minecraft:drop":4,"minecraft:damage_dealt":869,"minecraft:interact_with_crafting_table":2,"minecraft:swim_one_cm":1815,"minecraft:fly_one_cm":70089,"minecraft:open_chest":1,"minecraft:crouch_one_cm":685,"minecraft:play_time":17762,"minecraft:deaths":1,"minecraft:sneak_time":260,"minecraft:walk_under_water_one_cm":165,"minecraft:jump":322,"minecraft:walk_on_water_one_cm":1135,"minecraft:time_since_death":7244,"minecraft:climb_one_cm":41,"minecraft:total_world_time":17762,"minecraft:fall_one_cm":8633},"minecraft:used":{"duneons:highlandfernsnow":1,"croptopia:nectarine":2,"minecraft:stone_pickaxe":1,"minecraft:oak_planks":5,"duneons:greenswoed":1,"minecraft:wooden_pickaxe":23,"minecraft:stone_axe":17,"croptopia:peach":2,"minecraft:cobblestone":2,"minecraft:crafting_table":2,"croptopia:strawberry":1,"croptopia:orange":2}},"DataVersion":3465}