{"stats":{"minecraft:picked_up":{"minecraft:red_mushroom":2,"minecraft:spruce_stairs":4,"minecraft:sand":1,"minecraft:spruce_log":4,"minecraft:golden_chestplate":1,"duneons:rug_3":1,"duneons:driedhaybales":1,"minecraft:spruce_planks":7,"minecraft:hay_block":7,"duneons:cobwebdig":2},"minecraft:custom":{"minecraft:time_since_rest":17539,"minecraft:sprint_one_cm":106136,"minecraft:damage_taken":681,"minecraft:walk_one_cm":76923,"minecraft:damage_dealt":12,"minecraft:swim_one_cm":9725,"minecraft:interact_with_crafting_table":3,"minecraft:fly_one_cm":98014,"minecraft:open_chest":7,"minecraft:crouch_one_cm":2932,"minecraft:play_time":29525,"minecraft:deaths":1,"minecraft:sneak_time":1258,"minecraft:walk_under_water_one_cm":1952,"minecraft:jump":593,"minecraft:walk_on_water_one_cm":4228,"minecraft:time_since_death":24072,"minecraft:sleep_in_bed":1,"minecraft:climb_one_cm":1495,"minecraft:total_world_time":29525,"minecraft:fall_one_cm":19346},"minecraft:used":{"minecraft:wooden_axe":8,"minecraft:bread":10,"duneons:full_plate_spooky_chestplate":1,"minecraft:sand":1,"minecraft:crafting_table":2,"minecraft:spruce_stairs":1,"duneons:full_plate_spooky_helmet":1},"minecraft:crafted":{"minecraft:crafting_table":2,"minecraft:spruce_planks":16,"minecraft:stick":4,"minecraft:wooden_axe":1,"minecraft:bread":21,"minecraft:wheat":72},"minecraft:mined":{"minecraft:hay_block":7,"minecraft:spruce_stairs":4,"minecraft:spruce_planks":7,"minecraft:fire":3,"minecraft:spruce_log":4,"duneons:driedhaybales":1,"duneons:rug_3":1,"duneons:cobwebdig":2,"minecraft:sand":1}},"DataVersion":3465}