{"stats":{"minecraft:mined":{"minecraft:oak_leaves":2},"minecraft:used":{"minecraft:cow_spawn_egg":4,"minecraft:firework_rocket":5},"minecraft:custom":{"minecraft:jump":36,"minecraft:time_since_rest":7652,"minecraft:crouch_one_cm":73,"minecraft:leave_game":2,"minecraft:play_time":7652,"minecraft:sprint_one_cm":5452,"minecraft:damage_taken":10,"minecraft:time_since_death":7652,"minecraft:walk_one_cm":3055,"minecraft:sneak_time":184,"minecraft:total_world_time":7652,"minecraft:fall_one_cm":753,"minecraft:fly_one_cm":75111,"minecraft:aviate_one_cm":76739}},"DataVersion":3465}