{"stats":{"minecraft:picked_up":{"duneons:beenestitem":1,"minecraft:lime_bed":2,"duneons:randomartifactbox":1,"flying_stuff:glider":1,"minecraft:red_mushroom":6,"duneons:sabrewing_bow":1,"duneons:enderhammer":1,"duneons:battlerobe_chestplate":1,"duneons:coin":2,"minecraft:lantern":1,"duneons:thepinkscoundrel":1,"duneons:flowerswamp":1,"minecraft:bone":2,"minecraft:wheat_seeds":2,"minecraft:spruce_planks":7,"minecraft:iron_ingot":9,"duneons:elytepowerbow":1,"minecraft:poppy":3,"duneons:swampfern":1,"duneons:smallbow":1,"sophisticatedbackpacks:netherite_backpack":1,"duneons:keydiamond":2,"duneons:corruptedbeaconaold":1,"minecraft:spruce_stairs":4,"minecraft:porkchop":1,"duneons:sugarrush":1,"minecraft:sand":1,"minecraft:spruce_log":4,"duneons:swampgrass":18,"duneons:randombox":1,"minecraft:golden_chestplate":1,"duneons:dungeonbarrel":1,"duneons:randomarmorbox":1,"duneons:randonbowbox":1,"duneons:moondagger":1,"duneons:rug_3":1,"duneons:driedhaybales":1,"duneons:randomatoolbox":1,"minecraft:rotten_flesh":3,"duneons:featherblue":1,"croptopia:orange":3,"minecraft:hay_block":7,"duneons:oaktotem":1,"duneons:cobwebdig":2,"duneons:icewand":1,"mace_port:wind_charge":1,"duneons:t_reedplanes":1},"minecraft:custom":{"minecraft:mob_kills":12,"minecraft:interact_with_anvil":2,"minecraft:interact_with_crafting_table":3,"minecraft:time_since_death":4419,"minecraft:sleep_in_bed":1,"minecraft:climb_one_cm":2554,"minecraft:time_since_rest":4462,"minecraft:sprint_one_cm":151006,"minecraft:walk_one_cm":167169,"minecraft:damage_taken":7934,"minecraft:drop":3,"minecraft:damage_dealt":9734,"minecraft:swim_one_cm":30336,"minecraft:fly_one_cm":253358,"minecraft:open_chest":7,"minecraft:crouch_one_cm":4369,"minecraft:play_time":59525,"minecraft:deaths":2,"minecraft:sneak_time":2346,"minecraft:walk_under_water_one_cm":8535,"minecraft:jump":958,"minecraft:walk_on_water_one_cm":15685,"minecraft:total_world_time":59525,"minecraft:fall_one_cm":98032},"minecraft:dropped":{"minecraft:enchanted_book":1,"duneons:oaktotem":1,"mace_port:mace":1},"minecraft:used":{"mace_port:mace":17,"duneons:dungeonbarrel":1,"minecraft:carved_pumpkin":4,"minecraft:sand":1,"minecraft:anvil":2,"minecraft:lime_bed":1,"minecraft:crafting_table":2,"minecraft:spruce_stairs":1,"duneons:battlerobe_chestplate":1,"croptopia:orange":3,"minecraft:wooden_axe":8,"mace_port:wind_charge":1,"duneons:glaivespooky":46,"minecraft:iron_block":13,"minecraft:bread":14,"duneons:icewand":2,"duneons:flowerswamp":1,"duneons:full_plate_spooky_chestplate":1,"duneons:enderhammer":5,"minecraft:porkchop":1,"duneons:full_plate_spooky_helmet":1},"minecraft:crafted":{"minecraft:crafting_table":2,"minecraft:spruce_planks":16,"minecraft:bread":21,"minecraft:stick":4,"minecraft:wooden_axe":1,"minecraft:wheat":72},"minecraft:mined":{"minecraft:spruce_planks":7,"duneons:redmushroom":2,"duneons:driedhaybales":1,"duneons:swampfern":1,"duneons:rug_3":1,"duneons:dungeonbarrel":1,"duneons:flowerswamp":1,"duneons:swampgrass":26,"minecraft:spruce_stairs":4,"minecraft:hay_block":7,"minecraft:lime_bed":2,"minecraft:fire":4,"minecraft:spruce_log":4,"minecraft:grass":11,"duneons:cobwebdig":2,"minecraft:sand":1,"duneons:t_reedplanes":1},"minecraft:killed":{"minecraft:iron_golem":3,"minecraft:sheep":3,"minecraft:skeleton":1,"minecraft:zombie":2,"duneons:pigchest":1,"duneons:junglezombie":1,"duneons:cauldron":1}},"DataVersion":3465}