{"stats":{"minecraft:dropped":{"minecraft:dirt":4},"minecraft:broken":{"minecraft:stone_pickaxe":1},"minecraft:used":{"minecraft:oak_fence":43,"minecraft:apple":1,"minecraft:stone_pickaxe":229,"minecraft:stone_shovel":74,"minecraft:torch":2,"minecraft:stone_axe":57,"minecraft:dirt":107,"minecraft:oak_slab":57,"minecraft:oak_boat":1,"minecraft:oak_fence_gate":1},"minecraft:mined":{"minecraft:mud":17,"minecraft:iron_ore":25,"minecraft:clay":2,"minecraft:granite":4,"minecraft:oak_log":31,"minecraft:grass_block":78,"minecraft:coal_ore":17,"minecraft:dripstone_block":12,"minecraft:spruce_leaves":19,"minecraft:stone":93,"minecraft:moss_block":38,"minecraft:oak_leaves":39},"minecraft:custom":{"minecraft:time_since_rest":38622,"minecraft:interact_with_furnace":8,"minecraft:sprint_one_cm":42667,"minecraft:walk_one_cm":49337,"minecraft:drop":4,"minecraft:damage_dealt":30,"minecraft:interact_with_crafting_table":9,"minecraft:talked_to_villager":15,"minecraft:fly_one_cm":19744,"minecraft:open_chest":38,"minecraft:crouch_one_cm":28167,"minecraft:play_time":38622,"minecraft:sneak_time":8225,"minecraft:boat_one_cm":3075,"minecraft:jump":87,"minecraft:time_since_death":38622,"minecraft:total_world_time":38622,"minecraft:fall_one_cm":418},"minecraft:picked_up":{"minecraft:mud":8,"minecraft:stick":1,"minecraft:raw_iron":22,"minecraft:clay_ball":8,"minecraft:torch":2,"minecraft:dripstone_block":10,"minecraft:oak_log":24,"minecraft:spruce_sapling":1,"minecraft:dirt":59,"minecraft:granite":4,"minecraft:oak_boat":1,"minecraft:oak_sapling":5,"minecraft:moss_block":28,"minecraft:coal":16,"minecraft:cobblestone":73},"minecraft:crafted":{"minecraft:oak_fence_gate":1,"minecraft:oak_slab":60,"minecraft:oak_planks":128,"minecraft:stone_shovel":1,"minecraft:stick":60,"minecraft:stone_pickaxe":2,"minecraft:oak_fence":51,"minecraft:stone_axe":1}},"DataVersion":3953}