{"stats":{"minecraft:used":{"minecraft:cow_spawn_egg":4},"minecraft:custom":{"minecraft:jump":24,"minecraft:time_since_rest":3582,"minecraft:crouch_one_cm":4,"minecraft:leave_game":1,"minecraft:sprint_one_cm":2767,"minecraft:play_time":3582,"minecraft:damage_taken":10,"minecraft:time_since_death":3582,"minecraft:walk_one_cm":1856,"minecraft:sneak_time":122,"minecraft:total_world_time":3582,"minecraft:fall_one_cm":753,"minecraft:fly_one_cm":67969},"minecraft:mined":{"minecraft:oak_leaves":2}},"DataVersion":3465}