{"stats":{"minecraft:picked_up":{"duneons:keydiamond":2,"flying_stuff:glider":1,"minecraft:red_mushroom":6,"minecraft:spruce_stairs":4,"minecraft:sand":1,"duneons:swampgrass":16,"minecraft:spruce_log":4,"minecraft:golden_chestplate":1,"minecraft:lantern":1,"minecraft:bone":2,"duneons:rug_3":1,"duneons:driedhaybales":1,"minecraft:rotten_flesh":3,"minecraft:wheat_seeds":2,"minecraft:spruce_planks":7,"minecraft:hay_block":7,"minecraft:iron_ingot":9,"minecraft:poppy":3,"sophisticatedbackpacks:netherite_backpack":1,"duneons:cobwebdig":2,"mace_port:wind_charge":1,"duneons:t_reedplanes":1},"minecraft:custom":{"minecraft:time_since_rest":29539,"minecraft:sprint_one_cm":125118,"minecraft:damage_taken":957,"minecraft:walk_one_cm":101097,"minecraft:interact_with_anvil":1,"minecraft:mob_kills":7,"minecraft:drop":2,"minecraft:damage_dealt":3852,"minecraft:swim_one_cm":23342,"minecraft:interact_with_crafting_table":3,"minecraft:fly_one_cm":122723,"minecraft:open_chest":7,"minecraft:crouch_one_cm":2951,"minecraft:play_time":41525,"minecraft:deaths":1,"minecraft:sneak_time":1400,"minecraft:walk_under_water_one_cm":7948,"minecraft:jump":690,"minecraft:walk_on_water_one_cm":10265,"minecraft:time_since_death":36072,"minecraft:sleep_in_bed":1,"minecraft:climb_one_cm":2554,"minecraft:total_world_time":41525,"minecraft:fall_one_cm":22597},"minecraft:dropped":{"minecraft:enchanted_book":1,"mace_port:mace":1},"minecraft:used":{"mace_port:mace":7,"mace_port:wind_charge":1,"minecraft:wooden_axe":8,"duneons:glaivespooky":46,"minecraft:carved_pumpkin":4,"minecraft:iron_block":13,"minecraft:bread":14,"duneons:full_plate_spooky_chestplate":1,"minecraft:sand":1,"minecraft:anvil":1,"minecraft:crafting_table":2,"minecraft:spruce_stairs":1,"duneons:full_plate_spooky_helmet":1},"minecraft:crafted":{"minecraft:crafting_table":2,"minecraft:spruce_planks":16,"minecraft:stick":4,"minecraft:wooden_axe":1,"minecraft:bread":21,"minecraft:wheat":72},"minecraft:mined":{"minecraft:hay_block":7,"minecraft:spruce_stairs":4,"minecraft:spruce_planks":7,"minecraft:fire":4,"minecraft:spruce_log":4,"duneons:redmushroom":2,"duneons:swampfern":1,"minecraft:grass":11,"duneons:driedhaybales":1,"duneons:rug_3":1,"duneons:cobwebdig":2,"minecraft:sand":1,"duneons:swampgrass":24,"duneons:t_reedplanes":1},"minecraft:killed":{"minecraft:skeleton":1,"minecraft:zombie":2,"duneons:junglezombie":1,"minecraft:iron_golem":3}},"DataVersion":3465}