{"stats":{"minecraft:used":{"minecraft:stone_axe":26,"minecraft:stone_shovel":9,"minecraft:stone_pickaxe":97,"minecraft:oak_boat":1},"minecraft:mined":{"minecraft:coal_ore":2,"minecraft:grass_block":32,"minecraft:oak_log":13,"minecraft:mud":9,"minecraft:dripstone_block":6,"minecraft:iron_ore":4,"minecraft:spruce_leaves":8,"minecraft:stone":28,"minecraft:moss_block":15,"minecraft:oak_leaves":16},"minecraft:custom":{"minecraft:time_since_rest":14622,"minecraft:open_chest":16,"minecraft:crouch_one_cm":7368,"minecraft:play_time":14622,"minecraft:interact_with_furnace":1,"minecraft:sprint_one_cm":9328,"minecraft:walk_one_cm":13590,"minecraft:sneak_time":4002,"minecraft:boat_one_cm":3075,"minecraft:jump":21,"minecraft:damage_dealt":30,"minecraft:time_since_death":14622,"minecraft:total_world_time":14622,"minecraft:talked_to_villager":12,"minecraft:interact_with_crafting_table":3,"minecraft:fly_one_cm":3038},"minecraft:picked_up":{"minecraft:mud":1,"minecraft:raw_iron":2,"minecraft:dripstone_block":4,"minecraft:oak_boat":1,"minecraft:oak_log":6,"minecraft:moss_block":4,"minecraft:coal":2,"minecraft:cobblestone":11,"minecraft:dirt":14},"minecraft:crafted":{"minecraft:stone_shovel":1,"minecraft:stone_axe":1,"minecraft:stick":12,"minecraft:stone_pickaxe":1}},"DataVersion":3953}