{"stats":{"minecraft:picked_up":{"duneons:driedhaybales":1,"minecraft:hay_block":7,"minecraft:sand":1,"minecraft:spruce_log":4,"minecraft:golden_chestplate":1},"minecraft:custom":{"minecraft:open_chest":2,"minecraft:time_since_rest":5539,"minecraft:crouch_one_cm":1863,"minecraft:play_time":17525,"minecraft:sprint_one_cm":61077,"minecraft:walk_one_cm":52856,"minecraft:damage_taken":441,"minecraft:deaths":1,"minecraft:sneak_time":833,"minecraft:walk_under_water_one_cm":1711,"minecraft:jump":377,"minecraft:damage_dealt":12,"minecraft:time_since_death":12072,"minecraft:walk_on_water_one_cm":3693,"minecraft:sleep_in_bed":1,"minecraft:total_world_time":17525,"minecraft:climb_one_cm":240,"minecraft:swim_one_cm":9725,"minecraft:interact_with_crafting_table":2,"minecraft:fall_one_cm":12766,"minecraft:fly_one_cm":79300},"minecraft:used":{"duneons:full_plate_spooky_chestplate":1,"minecraft:sand":1,"minecraft:crafting_table":1,"minecraft:bread":5,"duneons:full_plate_spooky_helmet":1},"minecraft:crafted":{"minecraft:crafting_table":1,"minecraft:spruce_planks":16,"minecraft:bread":21,"minecraft:wheat":72},"minecraft:mined":{"minecraft:hay_block":7,"duneons:driedhaybales":1,"minecraft:sand":1,"minecraft:spruce_log":4}},"DataVersion":3465}